"Alice Mutton","Geitost"
"Genen Shouyu","Jack's New England Clam Chowder","Spegesild","Zaanse koeken","Gnocchi di nonna Alice","Camembert Pierrot"
"Chartreuse verte"
"Teatime Chocolate Biscuits","Geitost"
"Tofu","Gula Malacca","Zaanse koeken"
"Konbu"
"Côte de Blaye","Spegesild","Scottish Longbreads","Original Frankfurter grüne Soße"
"Gorgonzola Telino","Boston Crab Meat","Outback Lager"
"Teatime Chocolate Biscuits","Perth Pasties","Ravioli Angelo"
"Sir Rodney's Scones","Boston Crab Meat","Camembert Pierrot","Original Frankfurter grüne Soße"
"Camembert Pierrot","Gudbrandsdalsost"
"Chang","Zaanse koeken","Sirop d'érable","Longlife Tofu"
"Nord-Ost Matjeshering"
"Alice Mutton","Sasquatch Ale","Jack's New England Clam Chowder"
"Teatime Chocolate Biscuits","Gustaf's Knäckebröd"
"Northwoods Cranberry Sauce","Guaraná Fantástica","Thüringer Rostbratwurst","Nord-Ost Matjeshering","Inlagd Sill"
"Nord-Ost Matjeshering","Perth Pasties","Tourtière"
"Raclette Courdavault"
"Jack's New England Clam Chowder","Gula Malacca","Raclette Courdavault"
"Pavlova","Camembert Pierrot"
"Guaraná Fantástica","Chartreuse verte","Boston Crab Meat","Camembert Pierrot"
"Geitost","Raclette Courdavault"
"Nord-Ost Matjeshering","Singaporean Hokkien Fried Mee"
"Konbu","Gudbrandsdalsost","Rhönbräu Klosterbier"
"Chai","Tarte au sucre","Lakkalikööri"
"Jack's New England Clam Chowder"
"Thüringer Rostbratwurst","Nord-Ost Matjeshering"
"Tofu"
"Chef Anton's Cajun Seasoning","Chartreuse verte","Tourtière"
"Rogede sild","Gnocchi di nonna Alice"
"Gnocchi di nonna Alice","Wimmers gute Semmelknödel"
"Gorgonzola Telino","Pâté chinois","Wimmers gute Semmelknödel"
"Pâté chinois","Lakkalikööri"
"Gudbrandsdalsost","Flotemysost"
"Spegesild"
"Tofu"
"Inlagd Sill"
"Valkoinen suklaa","Vegie-spread"
"Sir Rodney's Marmalade"
"Mishi Kobe Niku","Konbu","Outback Lager","Röd Kaviar"
"Scottish Longbreads"
"Chartreuse verte","Escargots de Bourgogne"
"Gumbär Gummibärchen"
"Ikura","Gnocchi di nonna Alice","Louisiana Fiery Hot Pepper Sauce"
"Teatime Chocolate Biscuits","Gumbär Gummibärchen","Perth Pasties","Original Frankfurter grüne Soße"
"Boston Crab Meat","Singaporean Hokkien Fried Mee","Manjimup Dried Apples"
"Steeleye Stout","Côte de Blaye","Scottish Longbreads"
"Thüringer Rostbratwurst","Louisiana Fiery Hot Pepper Sauce"
"Gorgonzola Telino","Raclette Courdavault"
"Manjimup Dried Apples","Raclette Courdavault","Lakkalikööri"
"Chef Anton's Cajun Seasoning","Chef Anton's Gumbo Mix","Gustaf's Knäckebröd"
"Pavlova","Carnarvon Tigers"
"Uncle Bob's Organic Dried Pears","Carnarvon Tigers","Manjimup Dried Apples","Rhönbräu Klosterbier"
"Spegesild","Wimmers gute Semmelknödel"
"Queso Cabrales","Valkoinen suklaa","Gnocchi di nonna Alice"
"Boston Crab Meat","Louisiana Fiery Hot Pepper Sauce","Lakkalikööri"
"Chef Anton's Cajun Seasoning","Escargots de Bourgogne"
"Sir Rodney's Marmalade"
"Carnarvon Tigers"
"Rogede sild","Louisiana Fiery Hot Pepper Sauce","Mozzarella di Giovanni"
"Grandma's Boysenberry Spread","Pavlova","Alice Mutton"
"Steeleye Stout","Manjimup Dried Apples"
"Rhönbräu Klosterbier"
"Sir Rodney's Scones","Rössle Sauerkraut"
"Pâté chinois","Lakkalikööri"
"Pâté chinois","Tarte au sucre","Wimmers gute Semmelknödel","Louisiana Fiery Hot Pepper Sauce"
"Queso Manchego La Pastora","Konbu","Gumbär Gummibärchen","Tarte au sucre"
"Teatime Chocolate Biscuits","Zaanse koeken","Maxilaku"
"Chang","Geitost"
"Ikura"
"Gumbär Gummibärchen","Singaporean Hokkien Fried Mee","Maxilaku"
"Chai","Ikura","Flotemysost","Original Frankfurter grüne Soße"
"Chang","Scottish Longbreads"
"Pavlova","Chocolade"
"Carnarvon Tigers","Inlagd Sill"
"NuNuCa Nuß-Nougat-Creme"
"Chai","Sir Rodney's Scones","Rössle Sauerkraut","Inlagd Sill","Boston Crab Meat"
"Gustaf's Knäckebröd","Guaraná Fantástica"
"Aniseed Syrup"
"Teatime Chocolate Biscuits","Chartreuse verte"
"Queso Cabrales","Côte de Blaye"
"Gravad lax","Tourtière","Tarte au sucre"
"Queso Cabrales","Gudbrandsdalsost","Flotemysost"
"Rössle Sauerkraut","Mozzarella di Giovanni"
"Tofu","Sir Rodney's Scones"
"Tunnbröd","Sirop d'érable","Outback Lager"
"Gudbrandsdalsost","Outback Lager"
"Singaporean Hokkien Fried Mee","Maxilaku","Tourtière"
"Röd Kaviar"
"Thüringer Rostbratwurst","Steeleye Stout","Maxilaku"
"Sir Rodney's Scones","Sirop d'érable"
"Sir Rodney's Scones","Gnocchi di nonna Alice","Louisiana Fiery Hot Pepper Sauce"
"Chang","Boston Crab Meat"
"Guaraná Fantástica"
"Tunnbröd","Vegie-spread"
"Carnarvon Tigers","Ipoh Coffee","Spegesild"
"Ikura","Gorgonzola Telino","Original Frankfurter grüne Soße"
"Nord-Ost Matjeshering","Gnocchi di nonna Alice","Louisiana Fiery Hot Pepper Sauce","Flotemysost"
"Rössle Sauerkraut","Chartreuse verte","Spegesild"
"Chang","Guaraná Fantástica","Outback Lager","Original Frankfurter grüne Soße"
"Chai","Ikura","Sir Rodney's Scones"
"Konbu","Rhönbräu Klosterbier"
"Pavlova","Gorgonzola Telino","Gnocchi di nonna Alice","Louisiana Fiery Hot Pepper Sauce"
"Ikura","Inlagd Sill","Maxilaku","Camembert Pierrot","Lakkalikööri"
"Ikura","Konbu"
"Pâté chinois"
"Aniseed Syrup","Gumbär Gummibärchen","Thüringer Rostbratwurst"
"Queso Cabrales","Sir Rodney's Scones","Chartreuse verte"
"Chang","Singaporean Hokkien Fried Mee"
"Raclette Courdavault"
"Guaraná Fantástica","Tourtière","Wimmers gute Semmelknödel"
"Côte de Blaye","Gnocchi di nonna Alice","Outback Lager","Flotemysost"
"Uncle Bob's Organic Dried Pears","Schoggi Schokolade","Outback Lager"
"Sir Rodney's Scones","Gustaf's Knäckebröd"
"Grandma's Boysenberry Spread","Gnocchi di nonna Alice","Scottish Longbreads"
"Chang","NuNuCa Nuß-Nougat-Creme","Ravioli Angelo","Raclette Courdavault"
"NuNuCa Nuß-Nougat-Creme","Geitost","Outback Lager"
"Chai","Chang","Camembert Pierrot"
"Carnarvon Tigers"
"Inlagd Sill"
"Chang","Alice Mutton","Tarte au sucre"
"Rössle Sauerkraut","Thüringer Rostbratwurst","Gula Malacca"
"Chang","Guaraná Fantástica","Nord-Ost Matjeshering"
"Tofu","Teatime Chocolate Biscuits","Sir Rodney's Scones","Guaraná Fantástica","Steeleye Stout"
"Côte de Blaye","Chartreuse verte"
"Perth Pasties","Camembert Pierrot","Flotemysost"
"Gumbär Gummibärchen","Steeleye Stout","Maxilaku"
"Tofu","Singaporean Hokkien Fried Mee","Camembert Pierrot"
"Perth Pasties"
"Chai"
"Tarte au sucre","Röd Kaviar"
"Chai","Queso Cabrales","Tunnbröd","Scottish Longbreads"
"Thüringer Rostbratwurst","Wimmers gute Semmelknödel"
"Manjimup Dried Apples","Lakkalikööri"
"Guaraná Fantástica","Filo Mix"
"Queso Cabrales","Filo Mix"
"Alice Mutton","Carnarvon Tigers","Sir Rodney's Scones","Geitost","Tarte au sucre"
"Chang","Scottish Longbreads"
"Steeleye Stout","Laughing Lumberjack Lager"
"Teatime Chocolate Biscuits","Tunnbröd","Outback Lager","Flotemysost"
"Chai","Escargots de Bourgogne"
"Chang","Northwoods Cranberry Sauce","Konbu","Camembert Pierrot"
"Uncle Bob's Organic Dried Pears","Gorgonzola Telino","Perth Pasties"
"Konbu","NuNuCa Nuß-Nougat-Creme","Gula Malacca","Wimmers gute Semmelknödel"
"Raclette Courdavault","Original Frankfurter grüne Soße"
"Thüringer Rostbratwurst","Nord-Ost Matjeshering"
"Konbu","Boston Crab Meat","Zaanse koeken","Lakkalikööri"
"Gustaf's Knäckebröd","Steeleye Stout","Ravioli Angelo","Camembert Pierrot","Wimmers gute Semmelknödel"
"Escargots de Bourgogne","Mozzarella di Giovanni"
"Chai","Carnarvon Tigers","Inlagd Sill"
"Teatime Chocolate Biscuits","Steeleye Stout","Côte de Blaye","Ipoh Coffee"
"Grandma's Boysenberry Spread","Chartreuse verte","Camembert Pierrot","Scottish Longbreads"
"Original Frankfurter grüne Soße"
"Gustaf's Knäckebröd"
"Konbu","Raclette Courdavault"
"Manjimup Dried Apples"
"Chocolade","Lakkalikööri"
"Chef Anton's Cajun Seasoning","Outback Lager","Longlife Tofu"
"Gustaf's Knäckebröd","Maxilaku"
"Tunnbröd","Steeleye Stout","Singaporean Hokkien Fried Mee","Escargots de Bourgogne","Wimmers gute Semmelknödel"
"Chef Anton's Cajun Seasoning","Pâté chinois","Tarte au sucre"
"Chef Anton's Gumbo Mix","Mishi Kobe Niku"
"Pavlova","Raclette Courdavault","Camembert Pierrot","Flotemysost"
"Chai","Teatime Chocolate Biscuits","Gravad lax","Rogede sild","Camembert Pierrot","Flotemysost"
"Gnocchi di nonna Alice"
"Uncle Bob's Organic Dried Pears","Alice Mutton","Geitost","Boston Crab Meat","Mozzarella di Giovanni"
"Aniseed Syrup","Gumbär Gummibärchen"
"NuNuCa Nuß-Nougat-Creme","Chartreuse verte"
"Tourtière","Röd Kaviar"
"Queso Cabrales","Ipoh Coffee","Scottish Longbreads","Outback Lager"
"Ikura","Gnocchi di nonna Alice","Raclette Courdavault","Original Frankfurter grüne Soße"
"Gula Malacca","Original Frankfurter grüne Soße"
"Raclette Courdavault","Scottish Longbreads","Rhönbräu Klosterbier"
"Gustaf's Knäckebröd","Ravioli Angelo","Louisiana Fiery Hot Pepper Sauce"
"Louisiana Fiery Hot Pepper Sauce","Louisiana Hot Spiced Okra","Gudbrandsdalsost"
"Jack's New England Clam Chowder","Manjimup Dried Apples","Louisiana Fiery Hot Pepper Sauce"
"NuNuCa Nuß-Nougat-Creme","Singaporean Hokkien Fried Mee"
"Gorgonzola Telino","Chartreuse verte","Maxilaku"
"Tunnbröd","Jack's New England Clam Chowder","Original Frankfurter grüne Soße"
"Sir Rodney's Marmalade","Geitost","Camembert Pierrot"
"Gnocchi di nonna Alice"
"Chang","Pavlova","Inlagd Sill","Raclette Courdavault"
"Gnocchi di nonna Alice","Mozzarella di Giovanni","Original Frankfurter grüne Soße"
"Guaraná Fantástica","Pâté chinois","Longlife Tofu"
"Gorgonzola Telino"
"Schoggi Schokolade","Chartreuse verte","Original Frankfurter grüne Soße"
"Rössle Sauerkraut","Maxilaku"
"Perth Pasties","Original Frankfurter grüne Soße"
"Guaraná Fantástica","Boston Crab Meat","Singaporean Hokkien Fried Mee"
"Sir Rodney's Scones","Gravad lax"
"Chang","Chef Anton's Gumbo Mix","Mascarpone Fabioli"
"Jack's New England Clam Chowder","Ravioli Angelo","Tarte au sucre","Outback Lager"
"Chef Anton's Gumbo Mix","Uncle Bob's Organic Dried Pears","Gnocchi di nonna Alice"
"Sir Rodney's Scones","Steeleye Stout"
"Chang","Jack's New England Clam Chowder"
"Pavlova","Guaraná Fantástica","Nord-Ost Matjeshering","Longlife Tofu"
"Queso Manchego La Pastora"
"Alice Mutton","Outback Lager"
"Thüringer Rostbratwurst","Mozzarella di Giovanni"
"Boston Crab Meat","Raclette Courdavault","Lakkalikööri"
"Geitost","Mozzarella di Giovanni"
"Uncle Bob's Organic Dried Pears","Gnocchi di nonna Alice"
"Carnarvon Tigers","Tunnbröd","Wimmers gute Semmelknödel"
"Geitost","Flotemysost"
"Guaraná Fantástica","Manjimup Dried Apples"
"Gorgonzola Telino","Louisiana Hot Spiced Okra","Lakkalikööri"
"Tofu","Rössle Sauerkraut","Boston Crab Meat","Rhönbräu Klosterbier"
"Chai","Sir Rodney's Scones","Chartreuse verte"
"Pâté chinois","Outback Lager"
"Côte de Blaye","Perth Pasties","Raclette Courdavault","Wimmers gute Semmelknödel"
"Ikura"
"Zaanse koeken","Raclette Courdavault"
"Boston Crab Meat"
"Maxilaku","Camembert Pierrot"
"Tofu","Manjimup Dried Apples"
"Sir Rodney's Scones","Boston Crab Meat","Manjimup Dried Apples"
"Sasquatch Ale","Original Frankfurter grüne Soße"
"Queso Cabrales","Manjimup Dried Apples","Longlife Tofu"
"Chang","Aniseed Syrup","Pâté chinois","Outback Lager"
"Raclette Courdavault","Röd Kaviar"
"Teatime Chocolate Biscuits","Gumbär Gummibärchen","Tourtière"
"Queso Cabrales","Singaporean Hokkien Fried Mee","Mozzarella di Giovanni"
"Queso Cabrales","Pavlova"
"Chai","Thüringer Rostbratwurst","Ipoh Coffee","Gula Malacca","Tarte au sucre"
"Gnocchi di nonna Alice","Original Frankfurter grüne Soße"
"Uncle Bob's Organic Dried Pears","Spegesild","Mozzarella di Giovanni"
"Gumbär Gummibärchen","Rössle Sauerkraut","Ipoh Coffee","Gnocchi di nonna Alice","Flotemysost"
"Pâté chinois","Wimmers gute Semmelknödel","Louisiana Fiery Hot Pepper Sauce","Original Frankfurter grüne Soße"
"Mishi Kobe Niku","Tourtière","Gudbrandsdalsost","Röd Kaviar"
"Ikura","Tourtière"
"Vegie-spread"
"Chocolade","Outback Lager"
"Northwoods Cranberry Sauce","Queso Manchego La Pastora","Guaraná Fantástica"
"Rössle Sauerkraut","Gula Malacca"
"Uncle Bob's Organic Dried Pears","Raclette Courdavault","Outback Lager"
"Chartreuse verte","Perth Pasties","Sirop d'érable","Flotemysost"
"Teatime Chocolate Biscuits","Steeleye Stout","Escargots de Bourgogne","Outback Lager"
"Pavlova","Geitost","Spegesild"
"Alice Mutton","Spegesild"
"Raclette Courdavault"
"Zaanse koeken"
"Sir Rodney's Scones","Maxilaku"
"Queso Cabrales","Alice Mutton","Thüringer Rostbratwurst","Louisiana Fiery Hot Pepper Sauce","Outback Lager"
"Scottish Longbreads","Rhönbräu Klosterbier"
"Chang","Pavlova","Gula Malacca"
"Konbu","Tunnbröd"
"Sir Rodney's Scones","Nord-Ost Matjeshering","Pâté chinois"
"Chef Anton's Cajun Seasoning","Ipoh Coffee","Gnocchi di nonna Alice","Camembert Pierrot"
"Teatime Chocolate Biscuits","Singaporean Hokkien Fried Mee"
"Queso Cabrales","Spegesild"
"Guaraná Fantástica","Thüringer Rostbratwurst","Boston Crab Meat","Rogede sild","Valkoinen suklaa"
"Nord-Ost Matjeshering","Ipoh Coffee"
"Guaraná Fantástica","NuNuCa Nuß-Nougat-Creme"
"Perth Pasties"
"Raclette Courdavault"
"Spegesild","Gnocchi di nonna Alice","Wimmers gute Semmelknödel","Rhönbräu Klosterbier"
"Queso Manchego La Pastora","Geitost","Jack's New England Clam Chowder","Tourtière"
"Queso Manchego La Pastora","Pavlova","Wimmers gute Semmelknödel","Longlife Tofu"
"Teatime Chocolate Biscuits","Sasquatch Ale","Ravioli Angelo"
"Pavlova","Tarte au sucre","Louisiana Fiery Hot Pepper Sauce"
"Tunnbröd","Spegesild","Laughing Lumberjack Lager","Röd Kaviar","Rhönbräu Klosterbier"
"Alice Mutton","Boston Crab Meat","Zaanse koeken"
"Pavlova","Singaporean Hokkien Fried Mee","Ipoh Coffee"
"Alice Mutton","Sir Rodney's Scones","Gnocchi di nonna Alice","Raclette Courdavault"
"Côte de Blaye","Flotemysost"
"Gnocchi di nonna Alice"
"Tofu","Perth Pasties","Escargots de Bourgogne"
"Gumbär Gummibärchen","Tourtière"
"Tunnbröd"
"Chang","Gustaf's Knäckebröd","Mozzarella di Giovanni"
"Gumbär Gummibärchen","Geitost"
"Queso Cabrales","Lakkalikööri"
"Ikura","Teatime Chocolate Biscuits","Gula Malacca"
"Pavlova","Gorgonzola Telino","Singaporean Hokkien Fried Mee"
"Gumbär Gummibärchen","Boston Crab Meat"
"Teatime Chocolate Biscuits","Louisiana Fiery Hot Pepper Sauce","Flotemysost"
"Chai"
"Ikura","Filo Mix","Tarte au sucre"
"Chang","Pavlova","Thüringer Rostbratwurst","Sirop d'érable"
"Geitost","Louisiana Hot Spiced Okra","Rhönbräu Klosterbier"
"Teatime Chocolate Biscuits","Sir Rodney's Scones","Wimmers gute Semmelknödel"
"Queso Cabrales","Tourtière","Louisiana Hot Spiced Okra"
"Boston Crab Meat","Zaanse koeken","Camembert Pierrot"
"Schoggi Schokolade"
"Filo Mix"
"Alice Mutton","Gumbär Gummibärchen","Steeleye Stout","Jack's New England Clam Chowder"
"Alice Mutton","Gumbär Gummibärchen"
"Queso Cabrales","Rössle Sauerkraut"
"Ikura","Jack's New England Clam Chowder","Zaanse koeken"
"Teatime Chocolate Biscuits","Guaraná Fantástica","Gorgonzola Telino","Filo Mix"
"Ikura","Rössle Sauerkraut","Sasquatch Ale"
"Chartreuse verte","Tourtière"
"Mishi Kobe Niku","Thüringer Rostbratwurst","Inlagd Sill"
"Camembert Pierrot"
"Camembert Pierrot","Original Frankfurter grüne Soße"
"Sasquatch Ale","Boston Crab Meat","Jack's New England Clam Chowder"
"Perth Pasties","Outback Lager"
"Nord-Ost Matjeshering","Tourtière"
"Alice Mutton","Jack's New England Clam Chowder","Perth Pasties","Pâté chinois","Scottish Longbreads"
"Jack's New England Clam Chowder"
"Pavlova","Teatime Chocolate Biscuits","Sasquatch Ale"
"Chartreuse verte"
"Rössle Sauerkraut","Ipoh Coffee","Original Frankfurter grüne Soße"
"Chai","Chang","Pavlova","Gorgonzola Telino"
"Chang","Jack's New England Clam Chowder","Valkoinen suklaa","Wimmers gute Semmelknödel"
"Uncle Bob's Organic Dried Pears","Konbu"
"Pavlova"
"Queso Cabrales","Guaraná Fantástica"
"Grandma's Boysenberry Spread","Tofu","Teatime Chocolate Biscuits"
"Chang","Spegesild","Lakkalikööri"
"Chang","Aniseed Syrup","Chef Anton's Cajun Seasoning","Grandma's Boysenberry Spread","Uncle Bob's Organic Dried Pears","Northwoods Cranberry Sauce","Ikura","Queso Manchego La Pastora","Konbu","Tofu","Pavlova","Sir Rodney's Marmalade","Tunnbröd","Mascarpone Fabioli","Chartreuse verte","Jack's New England Clam Chowder","Spegesild","Filo Mix","Pâté chinois","Camembert Pierrot","Wimmers gute Semmelknödel","Louisiana Hot Spiced Okra","Röd Kaviar","Rhönbräu Klosterbier","Original Frankfurter grüne Soße"
"Chang","Vegie-spread"
"Sir Rodney's Scones"
"Queso Cabrales"
"Gula Malacca","Sirop d'érable"
"Geitost","Manjimup Dried Apples"
"Tarte au sucre"
"Chai","Chef Anton's Gumbo Mix"
"Queso Manchego La Pastora","Mascarpone Fabioli","Steeleye Stout"
"Chang","Queso Manchego La Pastora"
"Scottish Longbreads"
"Lakkalikööri"
"Ipoh Coffee","Sirop d'érable"
"Guaraná Fantástica"
"Geitost","Laughing Lumberjack Lager"
"Carnarvon Tigers","Mascarpone Fabioli","Wimmers gute Semmelknödel"
"Uncle Bob's Organic Dried Pears","Pâté chinois","Camembert Pierrot"
"Guaraná Fantástica","NuNuCa Nuß-Nougat-Creme","Manjimup Dried Apples","Ravioli Angelo"
"Sir Rodney's Scones","Camembert Pierrot","Sirop d'érable"
"Outback Lager"
"Konbu","Alice Mutton","Camembert Pierrot"
"Chang","Sir Rodney's Marmalade","Gumbär Gummibärchen","Manjimup Dried Apples","Mozzarella di Giovanni"
"Ikura"
"Uncle Bob's Organic Dried Pears","Ipoh Coffee"
"Teatime Chocolate Biscuits","Gudbrandsdalsost"
"Chai","Konbu"
"Gumbär Gummibärchen","Geitost","Louisiana Fiery Hot Pepper Sauce","Flotemysost"
"Guaraná Fantástica","Tarte au sucre"
"Carnarvon Tigers","Manjimup Dried Apples"
"Gnocchi di nonna Alice","Vegie-spread"
"Pâté chinois","Raclette Courdavault"
"Chang","Chef Anton's Gumbo Mix","Thüringer Rostbratwurst","Raclette Courdavault"
"Inlagd Sill","Côte de Blaye","Raclette Courdavault"
"Chai","Konbu","Guaraná Fantástica","Wimmers gute Semmelknödel","Flotemysost"
"Sir Rodney's Scones","Gula Malacca","Sirop d'érable"
"Perth Pasties","Gudbrandsdalsost"
"Konbu","Raclette Courdavault"
"Chai","Steeleye Stout","Singaporean Hokkien Fried Mee","Tourtière"
"Boston Crab Meat","Filo Mix","Flotemysost"
"Outback Lager"
"Rössle Sauerkraut","Steeleye Stout","Maxilaku","Ravioli Angelo"
"Gorgonzola Telino","Steeleye Stout","Spegesild","Mozzarella di Giovanni"
"Gudbrandsdalsost"
"Konbu"
"Konbu","Tarte au sucre"
"Chang","Tofu","NuNuCa Nuß-Nougat-Creme","Gumbär Gummibärchen","Gorgonzola Telino"
"Guaraná Fantástica","Inlagd Sill","Camembert Pierrot"
"Rössle Sauerkraut","Sasquatch Ale","Flotemysost"
"Tunnbröd","Flotemysost","Mozzarella di Giovanni"
"Uncle Bob's Organic Dried Pears","Gustaf's Knäckebröd","Spegesild","Pâté chinois"
"Spegesild","Perth Pasties","Gudbrandsdalsost"
"Chef Anton's Cajun Seasoning","Guaraná Fantástica","Original Frankfurter grüne Soße"
"Steeleye Stout","Pâté chinois"
"Chai","Boston Crab Meat","Filo Mix"
"Sir Rodney's Scones","Manjimup Dried Apples"
"Konbu","Steeleye Stout","Singaporean Hokkien Fried Mee","Pâté chinois"
"Chai","Raclette Courdavault"
"Scottish Longbreads","Flotemysost","Lakkalikööri","Original Frankfurter grüne Soße"
"Gumbär Gummibärchen","Lakkalikööri"
"Northwoods Cranberry Sauce","Thüringer Rostbratwurst","Singaporean Hokkien Fried Mee"
"Chai","Thüringer Rostbratwurst"
"Uncle Bob's Organic Dried Pears","Guaraná Fantástica"
"Spegesild","Maxilaku"
"Teatime Chocolate Biscuits","Camembert Pierrot","Flotemysost"
"Escargots de Bourgogne","Flotemysost"
"Jack's New England Clam Chowder"
"Tunnbröd","Singaporean Hokkien Fried Mee","Rogede sild","Scottish Longbreads"
"Gorgonzola Telino","Inlagd Sill"
"Nord-Ost Matjeshering","Original Frankfurter grüne Soße"
"Queso Manchego La Pastora","Carnarvon Tigers","Gnocchi di nonna Alice"
"Aniseed Syrup","Raclette Courdavault","Outback Lager"
"Gnocchi di nonna Alice","Lakkalikööri"
"Boston Crab Meat"
"Filo Mix"
"Teatime Chocolate Biscuits","Tunnbröd","Boston Crab Meat"
"Konbu","NuNuCa Nuß-Nougat-Creme","Outback Lager"
"Chang","Spegesild"
"Gorgonzola Telino","Mozzarella di Giovanni","Original Frankfurter grüne Soße"
"Geitost"
"Jack's New England Clam Chowder","Ipoh Coffee","Chocolade","Sirop d'érable"
"Gumbär Gummibärchen","Côte de Blaye","Boston Crab Meat","Tarte au sucre"
"Côte de Blaye","Tarte au sucre"
"Ipoh Coffee","Rhönbräu Klosterbier"
"Mascarpone Fabioli","Jack's New England Clam Chowder"
"Tarte au sucre","Outback Lager"
"Steeleye Stout","Manjimup Dried Apples"
"Jack's New England Clam Chowder","Outback Lager"
"Queso Cabrales","Ravioli Angelo","Raclette Courdavault","Original Frankfurter grüne Soße"
"Gorgonzola Telino","Ravioli Angelo"
"Gumbär Gummibärchen","Perth Pasties"
"Sir Rodney's Marmalade","Côte de Blaye"
"Ikura","Chartreuse verte"
"Gnocchi di nonna Alice"
"Queso Cabrales","Manjimup Dried Apples","Tourtière"
"Nord-Ost Matjeshering","Manjimup Dried Apples","Pâté chinois","Tarte au sucre"
"Alice Mutton","Thüringer Rostbratwurst"
"Ikura","Rössle Sauerkraut","Maxilaku"
"Teatime Chocolate Biscuits","NuNuCa Nuß-Nougat-Creme","Raclette Courdavault"
"Chang","Louisiana Fiery Hot Pepper Sauce","Longlife Tofu"
"Sasquatch Ale","Côte de Blaye"
"Queso Manchego La Pastora","Gorgonzola Telino","Geitost","Camembert Pierrot"
"Jack's New England Clam Chowder"
"Queso Cabrales","Boston Crab Meat","Ravioli Angelo","Raclette Courdavault"
"Singaporean Hokkien Fried Mee"
"Outback Lager","Mozzarella di Giovanni"
"Gorgonzola Telino","Manjimup Dried Apples","Escargots de Bourgogne","Mozzarella di Giovanni","Röd Kaviar"
"Pavlova","Tarte au sucre"
"Konbu","Sir Rodney's Scones","Geitost","Maxilaku"
"Queso Cabrales"
"Alice Mutton","Ipoh Coffee","Sirop d'érable","Lakkalikööri"
"Thüringer Rostbratwurst","Raclette Courdavault"
"Flotemysost"
"Nord-Ost Matjeshering","Louisiana Hot Spiced Okra"
"Gorgonzola Telino","Louisiana Hot Spiced Okra"
"Raclette Courdavault"
"Alice Mutton","Gorgonzola Telino","Rhönbräu Klosterbier"
"Nord-Ost Matjeshering","Boston Crab Meat","Tourtière"
"Gorgonzola Telino","Singaporean Hokkien Fried Mee","Rogede sild","Manjimup Dried Apples"
"Chef Anton's Cajun Seasoning","Mozzarella di Giovanni","Röd Kaviar"
"Ikura","Laughing Lumberjack Lager"
"Carnarvon Tigers","Thüringer Rostbratwurst","Chartreuse verte"
"Mascarpone Fabioli","Inlagd Sill"
"Carnarvon Tigers","Steeleye Stout","Vegie-spread","Scottish Longbreads"
"Maxilaku","Raclette Courdavault","Flotemysost"
"Uncle Bob's Organic Dried Pears","Steeleye Stout","Tarte au sucre"
"Teatime Chocolate Biscuits","Rhönbräu Klosterbier"
"Tarte au sucre","Scottish Longbreads"
"Gorgonzola Telino","Rogede sild","Manjimup Dried Apples"
"Nord-Ost Matjeshering","Perth Pasties","Tourtière"
"Sasquatch Ale","Jack's New England Clam Chowder"
"Chef Anton's Cajun Seasoning","Grandma's Boysenberry Spread","Singaporean Hokkien Fried Mee","Ipoh Coffee","Flotemysost"
"Gudbrandsdalsost","Outback Lager"
"Tourtière","Gnocchi di nonna Alice","Longlife Tofu"
"Outback Lager","Original Frankfurter grüne Soße"
"Guaraná Fantástica","Côte de Blaye","Louisiana Fiery Hot Pepper Sauce","Flotemysost"
"Gorgonzola Telino","Côte de Blaye"
"Aniseed Syrup","Gumbär Gummibärchen","Côte de Blaye","Scottish Longbreads"
"Gorgonzola Telino"
"Boston Crab Meat","Gnocchi di nonna Alice"
"Queso Manchego La Pastora","Tunnbröd"
"Ikura","Rhönbräu Klosterbier"
"Louisiana Hot Spiced Okra","Scottish Longbreads"
"Queso Cabrales","Tourtière"
"Inlagd Sill","Chartreuse verte","Mozzarella di Giovanni"
"Boston Crab Meat","Louisiana Fiery Hot Pepper Sauce","Scottish Longbreads"
"Queso Cabrales"
"Chang","Thüringer Rostbratwurst"
"Alice Mutton","Rössle Sauerkraut","Ipoh Coffee"
"Rössle Sauerkraut","Laughing Lumberjack Lager"
"Northwoods Cranberry Sauce","Nord-Ost Matjeshering","Rhönbräu Klosterbier"
"Sir Rodney's Marmalade","Rössle Sauerkraut","Gnocchi di nonna Alice","Louisiana Fiery Hot Pepper Sauce","Rhönbräu Klosterbier"
"Carnarvon Tigers","Inlagd Sill","Scottish Longbreads","Gudbrandsdalsost"
"Guaraná Fantástica","Sirop d'érable","Longlife Tofu","Rhönbräu Klosterbier"
"Sir Rodney's Scones","Mascarpone Fabioli","Sirop d'érable"
"Zaanse koeken","Gnocchi di nonna Alice","Ravioli Angelo","Gudbrandsdalsost"
"Mascarpone Fabioli","Spegesild","Filo Mix"
"Carnarvon Tigers","Jack's New England Clam Chowder","Singaporean Hokkien Fried Mee"
"Gumbär Gummibärchen","Filo Mix","Outback Lager"
"Mishi Kobe Niku","Pavlova","Schoggi Schokolade","Geitost","Camembert Pierrot"
"Sasquatch Ale","Raclette Courdavault","Tarte au sucre","Wimmers gute Semmelknödel"
"Jack's New England Clam Chowder","Manjimup Dried Apples","Original Frankfurter grüne Soße"
"Guaraná Fantástica","Côte de Blaye","Gula Malacca"
"Filo Mix","Raclette Courdavault","Outback Lager"
"Mascarpone Fabioli"
"Ikura","Gnocchi di nonna Alice","Camembert Pierrot"
"Sir Rodney's Scones","Sasquatch Ale","Pâté chinois","Sirop d'érable"
"Tofu","Rogede sild","Raclette Courdavault"
"Mozzarella di Giovanni"
"Chang","Outback Lager","Lakkalikööri"
"Thüringer Rostbratwurst","Rhönbräu Klosterbier"
"Chai","Gudbrandsdalsost"
"Raclette Courdavault"
"Gumbär Gummibärchen","Nord-Ost Matjeshering","Valkoinen suklaa","Röd Kaviar"
"Thüringer Rostbratwurst","Jack's New England Clam Chowder"
"Guaraná Fantástica","Spegesild","Zaanse koeken","Camembert Pierrot"
"Boston Crab Meat"
"Singaporean Hokkien Fried Mee"
"Chef Anton's Cajun Seasoning","Uncle Bob's Organic Dried Pears","Northwoods Cranberry Sauce"
"Rogede sild","Longlife Tofu"
"Manjimup Dried Apples","Camembert Pierrot"
"Inlagd Sill","Boston Crab Meat"
"Singaporean Hokkien Fried Mee"
"Ikura","Nord-Ost Matjeshering","Ipoh Coffee","Tourtière"
"Chang","Uncle Bob's Organic Dried Pears","Scottish Longbreads"
"Chef Anton's Cajun Seasoning","Inlagd Sill"
"Jack's New England Clam Chowder","Filo Mix","Sirop d'érable","Tarte au sucre"
"Chai","Konbu","Gnocchi di nonna Alice"
"Gustaf's Knäckebröd","Gorgonzola Telino","Camembert Pierrot","Flotemysost"
"Pâté chinois","Scottish Longbreads","Gudbrandsdalsost"
"Queso Cabrales","Geitost","Mozzarella di Giovanni"
"NuNuCa Nuß-Nougat-Creme","Rhönbräu Klosterbier"
"NuNuCa Nuß-Nougat-Creme","Schoggi Schokolade","Ipoh Coffee"
"Steeleye Stout","Jack's New England Clam Chowder","Scottish Longbreads"
"Sir Rodney's Scones","Gustaf's Knäckebröd","Guaraná Fantástica"
"Guaraná Fantástica","Perth Pasties"
"Chartreuse verte","Zaanse koeken","Manjimup Dried Apples","Gnocchi di nonna Alice"
"Alice Mutton","Sir Rodney's Marmalade","Gravad lax","Jack's New England Clam Chowder"
"Louisiana Fiery Hot Pepper Sauce"
"Chai","Northwoods Cranberry Sauce","Nord-Ost Matjeshering","Boston Crab Meat"
"Aniseed Syrup","Chartreuse verte"
"Grandma's Boysenberry Spread","Nord-Ost Matjeshering","Lakkalikööri"
"Rössle Sauerkraut"
"Tofu","Rössle Sauerkraut","Filo Mix"
"Northwoods Cranberry Sauce","Rhönbräu Klosterbier"
"Louisiana Fiery Hot Pepper Sauce","Rhönbräu Klosterbier"
"Northwoods Cranberry Sauce","Sir Rodney's Scones","Boston Crab Meat","Gula Malacca"
"Sirop d'érable","Original Frankfurter grüne Soße"
"Chartreuse verte","Zaanse koeken","Manjimup Dried Apples","Vegie-spread"
"Pavlova"
"Konbu","Jack's New England Clam Chowder"
"Uncle Bob's Organic Dried Pears","Queso Manchego La Pastora","Guaraná Fantástica","Schoggi Schokolade","Gorgonzola Telino","Vegie-spread"
"Inlagd Sill","Filo Mix"
"Filo Mix"
"Pavlova","Gorgonzola Telino","Louisiana Fiery Hot Pepper Sauce"
"Alice Mutton","Geitost"
"Thüringer Rostbratwurst"
"Lakkalikööri"
"Vegie-spread"
"Sir Rodney's Scones","Manjimup Dried Apples"
"Gumbär Gummibärchen","Jack's New England Clam Chowder","Rhönbräu Klosterbier"
"Tofu","Louisiana Fiery Hot Pepper Sauce"
"Carnarvon Tigers","Gula Malacca","Raclette Courdavault","Mozzarella di Giovanni"
"Uncle Bob's Organic Dried Pears","Ipoh Coffee","Mozzarella di Giovanni"
"Rogede sild","Perth Pasties","Laughing Lumberjack Lager"
"Boston Crab Meat"
"Queso Cabrales","Sir Rodney's Marmalade","Lakkalikööri","Original Frankfurter grüne Soße"
"Tarte au sucre"
"Gorgonzola Telino","Jack's New England Clam Chowder","Vegie-spread","Gudbrandsdalsost"
"Grandma's Boysenberry Spread","Queso Cabrales","Jack's New England Clam Chowder"
"Chang","Sir Rodney's Scones","Perth Pasties","Sirop d'érable"
"Konbu","Singaporean Hokkien Fried Mee","Tarte au sucre","Gudbrandsdalsost"
"Uncle Bob's Organic Dried Pears","Tarte au sucre"
"Ipoh Coffee","Chocolade"
"Gnocchi di nonna Alice","Raclette Courdavault","Lakkalikööri"
"NuNuCa Nuß-Nougat-Creme","Outback Lager"
"Tunnbröd","Boston Crab Meat","Gnocchi di nonna Alice"
"Rössle Sauerkraut"
"Konbu","Chartreuse verte"
"Côte de Blaye"
"Rhönbräu Klosterbier"
"Chang"
"Konbu","Ravioli Angelo"
"Rössle Sauerkraut","Steeleye Stout","Rogede sild","Gnocchi di nonna Alice"
"Uncle Bob's Organic Dried Pears","Ipoh Coffee"
"Tourtière"
"Spegesild"
"Pavlova","Carnarvon Tigers","Mascarpone Fabioli"
"Genen Shouyu","Rössle Sauerkraut"
"Aniseed Syrup","Camembert Pierrot","Mozzarella di Giovanni"
"Pavlova","Guaraná Fantástica","Inlagd Sill"
"Northwoods Cranberry Sauce","Manjimup Dried Apples","Camembert Pierrot"
"Chef Anton's Gumbo Mix","Inlagd Sill"
"Perth Pasties","Gnocchi di nonna Alice"
"Pavlova","Gorgonzola Telino","Rogede sild","Camembert Pierrot"
"Teatime Chocolate Biscuits","Jack's New England Clam Chowder","Perth Pasties"
"Sir Rodney's Marmalade","Gorgonzola Telino"
"Chang","Alice Mutton","Zaanse koeken","Gnocchi di nonna Alice","Escargots de Bourgogne"
"Sir Rodney's Scones","Zaanse koeken","Manjimup Dried Apples"
"Ikura","Gumbär Gummibärchen","Rogede sild","Spegesild"
"Rhönbräu Klosterbier"
"Sir Rodney's Scones","Manjimup Dried Apples","Sirop d'érable"
"Chef Anton's Gumbo Mix","Uncle Bob's Organic Dried Pears","Mozzarella di Giovanni"
"Ikura","Flotemysost"
"Nord-Ost Matjeshering","Steeleye Stout","Wimmers gute Semmelknödel"
"Queso Manchego La Pastora","Pavlova","Inlagd Sill","Tarte au sucre"
"Sir Rodney's Scones","Tourtière","Gudbrandsdalsost"
"Rhönbräu Klosterbier"
"Chef Anton's Cajun Seasoning"
"Teatime Chocolate Biscuits","Zaanse koeken"
"Grandma's Boysenberry Spread","Rössle Sauerkraut"
"Geitost","Jack's New England Clam Chowder","Rhönbräu Klosterbier"
"Carnarvon Tigers","Nord-Ost Matjeshering","Tourtière"
"Gumbär Gummibärchen"
"Manjimup Dried Apples"
"Chang","Gorgonzola Telino","Scottish Longbreads","Rhönbräu Klosterbier"
"Carnarvon Tigers","Côte de Blaye","Gudbrandsdalsost"
"Jack's New England Clam Chowder","Filo Mix","Pâté chinois"
"Teatime Chocolate Biscuits","Maxilaku"
"Ikura","Sirop d'érable"
"Gravad lax","Gnocchi di nonna Alice","Tarte au sucre"
"Alice Mutton","Gnocchi di nonna Alice","Raclette Courdavault"
"Spegesild"
"Chef Anton's Cajun Seasoning","Queso Cabrales"
"Queso Manchego La Pastora","Guaraná Fantástica","Wimmers gute Semmelknödel"
"Chai","Sir Rodney's Scones","Valkoinen suklaa"
"Nord-Ost Matjeshering","Boston Crab Meat","Pâté chinois","Camembert Pierrot"
"Filo Mix","Lakkalikööri"
"Guaraná Fantástica","Jack's New England Clam Chowder"
"Gula Malacca"
"Camembert Pierrot"
"Steeleye Stout","Flotemysost"
"Uncle Bob's Organic Dried Pears","Konbu","Perth Pasties","Gudbrandsdalsost","Lakkalikööri"
"Chai","Wimmers gute Semmelknödel","Longlife Tofu"
"Sir Rodney's Marmalade","Côte de Blaye","Camembert Pierrot","Mozzarella di Giovanni"
"Inlagd Sill"
"Gorgonzola Telino","Escargots de Bourgogne"
"Escargots de Bourgogne","Flotemysost"
"Gorgonzola Telino"
"Tofu","Tourtière"
"Flotemysost"
"Rössle Sauerkraut","Chartreuse verte"
"Jack's New England Clam Chowder","Vegie-spread","Louisiana Fiery Hot Pepper Sauce"
"Longlife Tofu"
"Nord-Ost Matjeshering","Perth Pasties","Camembert Pierrot","Outback Lager"
"Konbu","Valkoinen suklaa","Gnocchi di nonna Alice"
"Chef Anton's Gumbo Mix","Carnarvon Tigers","Thüringer Rostbratwurst","Geitost","Longlife Tofu"
"Uncle Bob's Organic Dried Pears","Camembert Pierrot","Scottish Longbreads"
"Sir Rodney's Marmalade","Camembert Pierrot"
"Guaraná Fantástica","Rössle Sauerkraut","Raclette Courdavault","Flotemysost"
"Guaraná Fantástica","Sasquatch Ale"
"Ikura","Pâté chinois","Tarte au sucre","Outback Lager"
"Rogede sild","Filo Mix","Perth Pasties"
"Chai","Original Frankfurter grüne Soße"
"Valkoinen suklaa","Gudbrandsdalsost"
"Genen Shouyu","Gumbär Gummibärchen"
"Aniseed Syrup","Uncle Bob's Organic Dried Pears","Tourtière"
"Pavlova","Gorgonzola Telino","Camembert Pierrot"
"Guaraná Fantástica","Tourtière"
"Filo Mix","Escargots de Bourgogne"
"Côte de Blaye","Jack's New England Clam Chowder","Gula Malacca","Louisiana Fiery Hot Pepper Sauce"
"Sir Rodney's Marmalade","Gudbrandsdalsost","Lakkalikööri"
"Chai","Thüringer Rostbratwurst"
"Gnocchi di nonna Alice","Vegie-spread","Rhönbräu Klosterbier"
"Queso Cabrales","Côte de Blaye"
"Steeleye Stout","Sirop d'érable","Gudbrandsdalsost"
"Gorgonzola Telino","Pâté chinois","Gudbrandsdalsost"
"Schoggi Schokolade","Flotemysost"
"Guaraná Fantástica","Ravioli Angelo"
"Guaraná Fantástica","Ravioli Angelo","Louisiana Fiery Hot Pepper Sauce"
"Guaraná Fantástica","Sasquatch Ale","Inlagd Sill"
"Ikura","Gumbär Gummibärchen","Camembert Pierrot"
"Tarte au sucre"
"Chartreuse verte","Camembert Pierrot"
"Rössle Sauerkraut","Thüringer Rostbratwurst","Côte de Blaye","Maxilaku","Tourtière"
"Gorgonzola Telino","Rhönbräu Klosterbier","Lakkalikööri"
"NuNuCa Nuß-Nougat-Creme","Manjimup Dried Apples","Tourtière"
"Queso Cabrales"
"Gudbrandsdalsost","Flotemysost"
"Sasquatch Ale","Tourtière","Louisiana Fiery Hot Pepper Sauce","Original Frankfurter grüne Soße"
"Louisiana Fiery Hot Pepper Sauce","Original Frankfurter grüne Soße"
"Thüringer Rostbratwurst","Gnocchi di nonna Alice"
"Sir Rodney's Scones","Rössle Sauerkraut","Ravioli Angelo","Wimmers gute Semmelknödel"
"Queso Cabrales","Gnocchi di nonna Alice"
"Alice Mutton","Nord-Ost Matjeshering"
"Tunnbröd","Gumbär Gummibärchen","Inlagd Sill","Gravad lax","Mozzarella di Giovanni"
"Genen Shouyu","Rhönbräu Klosterbier"
"Chef Anton's Cajun Seasoning","Alice Mutton","Tarte au sucre"
"Gumbär Gummibärchen","Mozzarella di Giovanni"
"Pavlova","Mascarpone Fabioli","Boston Crab Meat","Rhönbräu Klosterbier"
"Tofu","Singaporean Hokkien Fried Mee"
"Carnarvon Tigers","Singaporean Hokkien Fried Mee","Zaanse koeken"
"Geitost","Boston Crab Meat","Tarte au sucre","Wimmers gute Semmelknödel"
"Tourtière"
"Alice Mutton","Sasquatch Ale","Perth Pasties"
"Filo Mix","Scottish Longbreads"
"Chai","Gorgonzola Telino","Gula Malacca"
"Tofu","Sir Rodney's Scones","Flotemysost"
"Raclette Courdavault","Vegie-spread","Mozzarella di Giovanni","Lakkalikööri"
"Chef Anton's Cajun Seasoning"
"Steeleye Stout","Ravioli Angelo"
"Chang","Gorgonzola Telino","Mascarpone Fabioli","Manjimup Dried Apples"
"Chartreuse verte","Rhönbräu Klosterbier","Original Frankfurter grüne Soße"
"Rhönbräu Klosterbier"
"Tofu","Jack's New England Clam Chowder","Louisiana Fiery Hot Pepper Sauce"
"Tourtière"
"Chai","Tunnbröd"
"Geitost","Raclette Courdavault"
"Thüringer Rostbratwurst","Camembert Pierrot","Gudbrandsdalsost"
"Carnarvon Tigers","Jack's New England Clam Chowder","Ipoh Coffee"
"Ravioli Angelo","Lakkalikööri"
"Wimmers gute Semmelknödel","Scottish Longbreads","Lakkalikööri"
"Zaanse koeken"
"Chang","Gorgonzola Telino","Inlagd Sill","Pâté chinois"
"Gorgonzola Telino"
"Northwoods Cranberry Sauce","Teatime Chocolate Biscuits","Singaporean Hokkien Fried Mee"
"Gumbär Gummibärchen","Steeleye Stout","Original Frankfurter grüne Soße"
"Chef Anton's Cajun Seasoning","Northwoods Cranberry Sauce"
"Filo Mix"
"NuNuCa Nuß-Nougat-Creme","Chartreuse verte","Boston Crab Meat","Rhönbräu Klosterbier"
"Steeleye Stout"
"Alice Mutton","Gnocchi di nonna Alice"
"Carnarvon Tigers","Singaporean Hokkien Fried Mee"
"Uncle Bob's Organic Dried Pears","Gnocchi di nonna Alice"
"Jack's New England Clam Chowder","Tarte au sucre"
"Zaanse koeken","Manjimup Dried Apples","Filo Mix","Perth Pasties","Röd Kaviar"
"Sasquatch Ale","Outback Lager"
"Wimmers gute Semmelknödel","Rhönbräu Klosterbier"
"Konbu","Guaraná Fantástica","Raclette Courdavault"
"Jack's New England Clam Chowder","Lakkalikööri"
"Chai"
"Jack's New England Clam Chowder","Pâté chinois"
"Alice Mutton","Rössle Sauerkraut","Lakkalikööri"
"Alice Mutton","Teatime Chocolate Biscuits","Sir Rodney's Scones","Sirop d'érable"
"Chang","Tourtière","Scottish Longbreads"
"Thüringer Rostbratwurst","Jack's New England Clam Chowder"
"Pavlova","Tarte au sucre"
"Gudbrandsdalsost","Rhönbräu Klosterbier"
"Tofu","Tourtière"
"Pavlova","Steeleye Stout","Gula Malacca"
"Jack's New England Clam Chowder","Filo Mix"
"Rössle Sauerkraut","Ipoh Coffee","Perth Pasties","Rhönbräu Klosterbier"
"Pavlova","Tunnbröd","Tarte au sucre","Original Frankfurter grüne Soße"
"Gumbär Gummibärchen","Gula Malacca","Wimmers gute Semmelknödel","Gudbrandsdalsost"
"Singaporean Hokkien Fried Mee","Gudbrandsdalsost"
"Queso Cabrales","Pavlova","Gustaf's Knäckebröd","Gorgonzola Telino","Steeleye Stout"
"Pavlova","Alice Mutton"
"Mascarpone Fabioli","Escargots de Bourgogne","Tarte au sucre"
"Mozzarella di Giovanni"
"Tarte au sucre","Mozzarella di Giovanni"
"Inlagd Sill"
"Tofu","Teatime Chocolate Biscuits","Guaraná Fantástica","Manjimup Dried Apples","Gnocchi di nonna Alice"
"Queso Cabrales"
"Chang","Queso Cabrales","Nord-Ost Matjeshering","Escargots de Bourgogne"
"Gorgonzola Telino","Lakkalikööri"
"Chef Anton's Cajun Seasoning","Ravioli Angelo","Rhönbräu Klosterbier"
"Ikura"
"Teatime Chocolate Biscuits","Nord-Ost Matjeshering","Côte de Blaye","Gnocchi di nonna Alice"
"Raclette Courdavault","Louisiana Fiery Hot Pepper Sauce","Scottish Longbreads"
"Gula Malacca","Manjimup Dried Apples"
"Nord-Ost Matjeshering","Tarte au sucre"
"Steeleye Stout"
"Inlagd Sill","Filo Mix"
"Flotemysost"
"Geitost","Tarte au sucre"
"Genen Shouyu","NuNuCa Nuß-Nougat-Creme","Chartreuse verte"
"Guaraná Fantástica","Wimmers gute Semmelknödel"
"Filo Mix"
"Alice Mutton","Gorgonzola Telino","Pâté chinois"
"Grandma's Boysenberry Spread","Konbu","Tofu","Gorgonzola Telino","Mozzarella di Giovanni"
"Gorgonzola Telino","Manjimup Dried Apples","Raclette Courdavault"
"Pavlova","Steeleye Stout","Spegesild","Raclette Courdavault","Vegie-spread"
"Queso Cabrales","Carnarvon Tigers","Lakkalikööri"
"Konbu","Gula Malacca","Manjimup Dried Apples"
"Chef Anton's Gumbo Mix","Thüringer Rostbratwurst","Maxilaku","Original Frankfurter grüne Soße"
"Carnarvon Tigers","Guaraná Fantástica","Vegie-spread","Rhönbräu Klosterbier"
"Sir Rodney's Marmalade"
"Gnocchi di nonna Alice"
"Chai","Alice Mutton","Ipoh Coffee","Camembert Pierrot","Rhönbräu Klosterbier"
"Chartreuse verte","Mozzarella di Giovanni"
"Queso Cabrales","Pavlova","Gudbrandsdalsost"
"Teatime Chocolate Biscuits","Outback Lager"
"Chang","Inlagd Sill","Raclette Courdavault","Tarte au sucre"
"Geitost"
"Inlagd Sill","Ipoh Coffee"
"Ikura","Gorgonzola Telino","Geitost","Boston Crab Meat","Lakkalikööri"
"Sir Rodney's Marmalade","Gorgonzola Telino","Mozzarella di Giovanni"
"Guaraná Fantástica","Raclette Courdavault"
"Flotemysost","Mozzarella di Giovanni"
"Rössle Sauerkraut","Tarte au sucre"
"Ikura","Konbu"
"Alice Mutton"
"Gula Malacca","Raclette Courdavault","Vegie-spread","Röd Kaviar"
"Guaraná Fantástica","Pâté chinois","Rhönbräu Klosterbier"
"Nord-Ost Matjeshering","Ravioli Angelo"
"Teatime Chocolate Biscuits","Guaraná Fantástica","Steeleye Stout"
"Schoggi Schokolade","Gula Malacca","Camembert Pierrot","Laughing Lumberjack Lager"
"Genen Shouyu","Teatime Chocolate Biscuits","Camembert Pierrot","Mozzarella di Giovanni"
"Steeleye Stout","Tarte au sucre"
"Chai","Boston Crab Meat","Perth Pasties"
"Tourtière","Scottish Longbreads"
"Pavlova","Sasquatch Ale","Spegesild"
"Aniseed Syrup","Wimmers gute Semmelknödel"
"Sir Rodney's Scones","Rhönbräu Klosterbier","Original Frankfurter grüne Soße"
"Zaanse koeken","Lakkalikööri"
"Pavlova","Tarte au sucre","Mozzarella di Giovanni","Rhönbräu Klosterbier"
"Konbu","Ravioli Angelo"
"Grandma's Boysenberry Spread"
"Perth Pasties","Sirop d'érable"
"Inlagd Sill"
"Chai","Carnarvon Tigers","Tunnbröd"
"Konbu","Ipoh Coffee","Camembert Pierrot","Flotemysost"
"Rössle Sauerkraut","Sasquatch Ale"
"Sir Rodney's Scones","Schoggi Schokolade","Pâté chinois","Escargots de Bourgogne"
"Chang","Laughing Lumberjack Lager"
"Raclette Courdavault","Flotemysost","Lakkalikööri"
"Konbu","Gustaf's Knäckebröd","Spegesild"
"Chai","Sasquatch Ale","Scottish Longbreads","Flotemysost"
"Maxilaku"
"Chang","Raclette Courdavault","Röd Kaviar"
"Konbu","Gorgonzola Telino"
"Aniseed Syrup","Lakkalikööri"
"Queso Cabrales","Gula Malacca","Gnocchi di nonna Alice"
"Gorgonzola Telino","Mascarpone Fabioli"
"Raclette Courdavault"
"Chef Anton's Cajun Seasoning","Guaraná Fantástica","Chocolade"
"Ikura","Guaraná Fantástica","Original Frankfurter grüne Soße"
"Pâté chinois","Ravioli Angelo","Outback Lager"
"Grandma's Boysenberry Spread","Ikura","Alice Mutton","Tarte au sucre"
"Pavlova","Ipoh Coffee","Raclette Courdavault"
"Valkoinen suklaa","Manjimup Dried Apples","Pâté chinois"
"Gorgonzola Telino","Tarte au sucre","Scottish Longbreads","Mozzarella di Giovanni"
"Uncle Bob's Organic Dried Pears","Konbu"
"Rhönbräu Klosterbier"
"Sirop d'érable"
"Uncle Bob's Organic Dried Pears","Pavlova","Jack's New England Clam Chowder"
"Uncle Bob's Organic Dried Pears","Filo Mix"
"Teatime Chocolate Biscuits","Maxilaku","Sirop d'érable"
"Queso Cabrales","Thüringer Rostbratwurst"
"Chai","Alice Mutton","Laughing Lumberjack Lager"
"Flotemysost"
"Chef Anton's Cajun Seasoning","Geitost","Escargots de Bourgogne"
"Pavlova","Mascarpone Fabioli","Ravioli Angelo"
"Alice Mutton","Geitost","Tourtière"
"Chai","Camembert Pierrot"
"Nord-Ost Matjeshering","Camembert Pierrot"
"Pavlova","NuNuCa Nuß-Nougat-Creme","Boston Crab Meat"
"Steeleye Stout","Vegie-spread"
"Valkoinen suklaa"
"Singaporean Hokkien Fried Mee","Ipoh Coffee","Laughing Lumberjack Lager"
"Alice Mutton","Guaraná Fantástica"
"Inlagd Sill","Filo Mix"
"Ikura","Rössle Sauerkraut","Rhönbräu Klosterbier"
"Sir Rodney's Marmalade","Filo Mix","Lakkalikööri"
"Queso Cabrales","Konbu","Teatime Chocolate Biscuits","Mozzarella di Giovanni"
"Jack's New England Clam Chowder","Flotemysost"
"Outback Lager"
"Konbu","Louisiana Fiery Hot Pepper Sauce","Scottish Longbreads"
"Pâté chinois","Tarte au sucre"
"Chai"
"Escargots de Bourgogne","Tarte au sucre"
